Date,Step,Duration(s),Status
2026-02-23T06:21:06Z,Setup Assets,0.005,Success
2026-02-23T06:21:06Z,XcodeGen,0.056,Success
2026-02-23T06:21:06Z,SwiftGen,0.031,Success
2026-02-23T06:33:29Z,Ship App,5.543,Success
2026-02-23T06:36:51Z,SwiftGen,0.041,Success
2026-02-23T06:36:51Z,XcodeGen,0.057,Success
2026-02-23T06:36:51Z,Linting,0.234,Failure
2026-02-23T06:36:58Z,Build Release,6.490,Success
2026-02-23T06:36:59Z,Tests (AllTests),7.797,Success
2026-02-23T06:37:18Z,SwiftGen,0.044,Success
2026-02-23T06:37:18Z,XcodeGen,0.059,Success
2026-02-23T06:37:18Z,Linting,0.240,Failure
2026-02-23T06:37:24Z,Build Release,6.082,Success
2026-02-23T06:37:25Z,Tests (AllTests),7.410,Success
2026-02-23T06:38:35Z,SwiftGen,0.043,Success
2026-02-23T06:38:35Z,XcodeGen,0.059,Success
2026-02-23T06:38:35Z,Linting,0.255,Failure
2026-02-23T06:38:42Z,Build Release,6.721,Success
2026-02-23T06:38:44Z,Tests (AllTests),8.528,Success
2026-02-23T06:39:02Z,SwiftGen,0.032,Success
2026-02-23T06:39:02Z,XcodeGen,0.046,Success
2026-02-23T06:39:02Z,Linting,0.244,Success
2026-02-23T06:39:09Z,Build Release,6.578,Success
2026-02-23T06:39:10Z,Tests (AllTests),8.061,Success
2026-02-23T06:39:14Z,Git Commit & Push,4.101,Success
2026-02-23T06:41:11Z,Setup Assets,0.002,Success
2026-02-23T06:41:11Z,XcodeGen,0.041,Success
2026-02-23T06:41:11Z,SwiftGen,0.034,Success
2026-02-23T06:41:49Z,Setup Assets,0.002,Success
2026-02-23T06:41:49Z,XcodeGen,0.012,Failure
2026-02-23T06:41:57Z,Setup Assets,0.002,Success
2026-02-23T06:41:57Z,XcodeGen,0.044,Success
2026-02-23T06:41:57Z,SwiftGen,0.029,Success
2026-02-23T06:42:23Z,Setup Assets,0.002,Success
2026-02-23T06:42:23Z,XcodeGen,0.052,Success
2026-02-23T06:42:23Z,SwiftGen,0.034,Success
2026-02-23T06:43:19Z,Setup Assets,0.002,Success
2026-02-23T06:43:19Z,XcodeGen,0.047,Success
2026-02-23T06:43:19Z,SwiftGen,0.030,Success
2026-02-23T06:45:57Z,Setup Assets,0.002,Success
2026-02-23T06:45:57Z,XcodeGen,0.050,Success
2026-02-23T06:45:57Z,SwiftGen,0.030,Success
2026-02-23T06:48:21Z,Setup Assets,0.002,Success
2026-02-23T06:48:21Z,XcodeGen,0.045,Success
2026-02-23T06:48:22Z,SwiftGen,0.030,Success
2026-02-23T06:51:05Z,Docs: OpenAI,1.143,Failure
2026-02-23T06:51:06Z,Docs: Pulse,1.921,Success
2026-02-23T06:51:06Z,Docs: LM Studio,2.020,Success
2026-02-23T06:51:06Z,Docs: Factory,2.071,Success
2026-02-23T06:51:06Z,Docs: Ollama,2.342,Success
2026-02-23T06:51:07Z,Docs: Codegen,3.277,Success
2026-02-23T06:52:12Z,Docs: OpenAI,1.620,Success
2026-02-23T06:52:13Z,Docs: Pulse,1.749,Success
2026-02-23T06:52:13Z,Docs: Factory,1.808,Success
2026-02-23T06:52:13Z,Docs: LM Studio,1.984,Success
2026-02-23T06:52:13Z,Docs: Ollama,2.048,Success
2026-02-23T06:52:14Z,Docs: Codegen,2.893,Success
2026-02-23T06:52:18Z,SwiftGen,0.035,Success
2026-02-23T06:52:18Z,XcodeGen,0.055,Success
2026-02-23T06:52:19Z,Linting,0.303,Success
2026-02-23T06:52:25Z,Build Release,7.102,Success
2026-02-23T06:52:26Z,Tests (AllTests),8.211,Success
2026-02-23T06:52:31Z,Git Commit & Push,4.399,Success
2026-02-23T06:56:01Z,XcodeGen,0.017,Failure
2026-02-23T06:56:01Z,SwiftGen,0.019,Failure
2026-02-23T06:59:31Z,SwiftGen,0.044,Success
2026-02-23T06:59:31Z,XcodeGen,0.063,Success
2026-02-23T06:59:31Z,Linting,0.343,Success
2026-02-23T06:59:39Z,Build Release,8.103,Success
2026-02-23T06:59:41Z,Tests (AllTests),10.159,Success
2026-02-23T06:59:45Z,Git Commit & Push,4.501,Success
2026-02-23T07:02:16Z,Update Docs Links,0.123,Success
2026-02-23T07:03:06Z,Update Docs Links,0.122,Success
2026-02-23T07:04:05Z,Update Docs Links,0.120,Success
2026-02-23T07:04:29Z,Update Docs Links,0.110,Success
2026-02-23T07:05:18Z,SwiftGen,0.033,Success
2026-02-23T07:05:18Z,XcodeGen,0.050,Success
2026-02-23T07:05:19Z,Linting,0.277,Success
2026-02-23T07:05:23Z,Tests (AllTests),4.255,Success
2026-02-23T07:05:26Z,Build Release,8.092,Success
2026-02-23T07:05:31Z,Git Commit & Push,4.248,Success
2026-02-23T07:13:37Z,SwiftGen,0.044,Success
2026-02-23T07:13:37Z,XcodeGen,0.063,Success
2026-02-23T07:13:37Z,Linting,0.319,Success
2026-02-23T07:13:44Z,Build Release,6.689,Success
2026-02-23T07:13:45Z,Tests (AllTests),8.219,Success
2026-02-23T07:13:49Z,Git Commit & Push,3.884,Success
2026-02-23T07:19:37Z,SwiftGen,0.043,Success
2026-02-23T07:19:37Z,XcodeGen,0.062,Success
2026-02-23T07:19:37Z,Linting,0.321,Success
2026-02-23T07:19:44Z,Build Release,6.897,Success
2026-02-23T07:19:46Z,Tests,8.833,Failure
2026-02-23T07:20:25Z,SwiftGen,0.035,Success
2026-02-23T07:20:25Z,XcodeGen,0.055,Success
2026-02-23T07:20:26Z,Linting,0.355,Success
2026-02-23T07:20:31Z,Build Release,6.010,Success
2026-02-23T07:20:33Z,Tests,7.562,Failure
2026-02-23T07:21:10Z,SwiftGen,0.033,Success
2026-02-23T07:21:10Z,XcodeGen,0.051,Success
2026-02-23T07:21:11Z,Linting,0.300,Success
2026-02-23T07:21:14Z,Tests,4.019,Failure
2026-02-23T07:21:18Z,Build Release,7.596,Success
2026-02-23T07:21:45Z,SwiftGen,0.033,Success
2026-02-23T07:21:45Z,XcodeGen,0.050,Success
2026-02-23T07:21:45Z,Linting,0.302,Success
2026-02-23T07:21:51Z,Build Release,6.111,Success
2026-02-23T07:21:53Z,Tests,7.882,Failure
2026-02-23T07:22:33Z,SwiftGen,0.032,Success
2026-02-23T07:22:33Z,XcodeGen,0.051,Success
2026-02-23T07:22:33Z,Linting,0.305,Success
2026-02-23T07:22:37Z,Tests,4.065,Failure
2026-02-23T07:22:40Z,Build Release,7.414,Success
2026-02-23T07:23:17Z,SwiftGen,0.032,Success
2026-02-23T07:23:17Z,XcodeGen,0.050,Success
2026-02-23T07:23:17Z,Linting,0.312,Success
2026-02-23T07:23:23Z,Build Release,6.202,Success
2026-02-23T07:26:49Z,SwiftGen,0.033,Success
2026-02-23T07:26:49Z,XcodeGen,0.053,Success
2026-02-23T07:26:49Z,Linting,0.351,Success
2026-02-23T07:26:55Z,Build Release,6.597,Success
2026-02-23T07:33:40Z,SwiftGen,0.032,Success
2026-02-23T07:33:40Z,XcodeGen,0.054,Success
2026-02-23T07:33:40Z,Linting,0.350,Success
2026-02-23T07:33:47Z,Build Release,7.087,Success
2026-02-23T07:35:18Z,SwiftGen,0.034,Success
2026-02-23T07:35:18Z,XcodeGen,0.051,Success
2026-02-23T07:35:18Z,Linting,0.306,Success
2026-02-23T07:35:26Z,Build Release,8.062,Success
2026-02-23T07:37:58Z,SwiftGen,0.035,Success
2026-02-23T07:37:58Z,XcodeGen,0.055,Success
2026-02-23T07:37:58Z,Linting,0.357,Success
2026-02-23T07:38:06Z,Build Release,8.546,Success
2026-02-23T07:38:49Z,SwiftGen,0.036,Success
2026-02-23T07:38:49Z,XcodeGen,0.060,Success
2026-02-23T07:38:49Z,Linting,0.428,Success
2026-02-23T07:38:58Z,Build Release,8.471,Success
2026-02-23T07:41:10Z,XcodeGen,0.056,Success
2026-02-23T07:41:10Z,SwiftGen,0.100,Success
2026-02-23T07:41:11Z,Linting,0.401,Success
2026-02-23T07:41:18Z,Build Release,7.591,Success
2026-02-23T07:42:06Z,Tests,55.505,Success
2026-02-23T07:42:10Z,Git Commit & Push,4.101,Success
2026-02-23T07:59:54Z,SwiftGen,0.045,Success
2026-02-23T07:59:54Z,XcodeGen,0.066,Success
2026-02-23T07:59:54Z,Linting,0.487,Success
2026-02-23T08:00:01Z,Build Release,7.613,Success
2026-02-23T08:00:03Z,Tests,9.507,Failure
2026-02-23T08:28:24Z,XcodeGen,0.131,Success
2026-02-23T08:28:24Z,SwiftLint,0.138,Failure
2026-02-23T08:28:24Z,SwiftGen,0.030,Success
2026-02-23T08:28:24Z,ProjectChecker,0.264,Failure
2026-02-23T08:28:33Z,Tests,8.745,Failure
2026-02-23T08:28:33Z,Build Release,8.942,Failure
2026-02-23T08:32:11Z,SwiftLint,0.135,Failure
2026-02-23T08:32:11Z,ProjectChecker,0.175,Failure
2026-02-23T08:32:11Z,XcodeGen,0.047,Success
2026-02-23T08:32:11Z,SwiftGen,0.031,Success
2026-02-23T08:33:03Z,Tests,51.734,Failure
2026-02-23T08:33:10Z,Build Release,7.015,Failure
2026-02-23T08:33:31Z,SwiftLint,0.115,Failure
2026-02-23T08:33:31Z,ProjectChecker,0.197,Failure
2026-02-23T08:33:31Z,XcodeGen,0.050,Success
2026-02-23T08:33:31Z,SwiftGen,0.097,Success
2026-02-23T08:34:22Z,Tests,50.960,Failure
2026-02-23T08:34:29Z,Build Release,6.912,Failure
2026-02-23T08:34:55Z,Update Docs Links,0.126,Success
2026-02-23T08:38:02Z,SwiftLint,0.137,Success
2026-02-23T08:38:03Z,ProjectChecker,0.251,Success
2026-02-23T08:38:03Z,XcodeGen,0.053,Success
2026-02-23T08:38:03Z,SwiftGen,0.031,Success
2026-02-23T08:38:54Z,Tests,51.290,Failure
2026-02-23T08:39:01Z,Build Release,7.124,Success
2026-02-23T08:39:34Z,SwiftLint,0.135,Success
2026-02-23T08:39:35Z,ProjectChecker,0.260,Success
2026-02-23T08:39:35Z,XcodeGen,0.053,Success
2026-02-23T08:39:35Z,SwiftGen,0.032,Success
2026-02-23T08:40:26Z,Tests,51.459,Failure
2026-02-23T08:40:34Z,Build Release,7.320,Success
2026-02-23T08:41:14Z,SwiftLint,0.141,Success
2026-02-23T08:41:14Z,ProjectChecker,0.189,Success
2026-02-23T08:41:15Z,XcodeGen,0.048,Success
2026-02-23T08:41:15Z,SwiftGen,0.032,Success
2026-02-23T08:42:07Z,Tests,52.369,Success
2026-02-23T08:42:13Z,Build Release,6.567,Success
2026-02-23T08:42:18Z,Git Commit & Push,4.778,Success
2026-02-23T08:47:17Z,SwiftLint,0.200,Success
2026-02-23T08:47:17Z,ProjectChecker,0.332,Success
2026-02-23T08:47:17Z,XcodeGen,0.047,Success
2026-02-23T08:47:17Z,SwiftGen,0.030,Success
2026-02-23T08:48:10Z,Tests,52.402,Failure
2026-02-23T08:48:17Z,Build Release,7.078,Success
2026-02-23T08:48:35Z,SwiftLint,0.139,Failure
2026-02-23T08:48:35Z,ProjectChecker,0.255,Success
2026-02-23T08:48:36Z,XcodeGen,0.053,Success
2026-02-23T08:48:36Z,SwiftGen,0.096,Success
2026-02-23T08:49:28Z,Tests,52.043,Failure
2026-02-23T08:49:35Z,Build Release,6.888,Failure
2026-02-23T08:51:25Z,SwiftLint,0.116,Success
2026-02-23T08:51:25Z,ProjectChecker,0.248,Success
2026-02-23T08:51:25Z,XcodeGen,0.052,Success
2026-02-23T08:51:25Z,SwiftGen,0.030,Success
2026-02-23T08:52:17Z,Tests,51.791,Success
2026-02-23T08:52:24Z,Build Release,6.801,Success
2026-02-23T08:52:29Z,Git Commit & Push,4.590,Success
2026-02-23T08:55:39Z,SwiftLint,0.128,Success
2026-02-23T08:55:39Z,ProjectChecker,0.183,Success
2026-02-23T08:55:39Z,XcodeGen,0.046,Success
2026-02-23T08:55:39Z,SwiftGen,0.095,Success
2026-02-23T08:56:31Z,Tests,52.002,Success
2026-02-23T08:56:38Z,Build Release,6.998,Success
2026-02-23T08:56:41Z,Git Commit & Push,2.387,Success
2026-02-23T08:56:45Z,SwiftLint,0.105,Success
2026-02-23T08:56:45Z,ProjectChecker,0.200,Success
2026-02-23T08:56:45Z,XcodeGen,0.059,Success
2026-02-23T08:56:45Z,SwiftGen,0.032,Success
2026-02-23T08:57:40Z,Tests,54.605,Success
2026-02-23T08:57:47Z,Build Release,6.929,Success
2026-02-23T08:57:50Z,Git Commit & Push,3.348,Success
2026-02-23T08:58:14Z,SwiftLint,0.140,Failure
2026-02-23T08:58:14Z,ProjectChecker,0.186,Success
2026-02-23T08:58:14Z,XcodeGen,0.117,Success
2026-02-23T08:58:14Z,SwiftGen,0.032,Success
2026-02-23T08:59:08Z,Tests,53.635,Failure
2026-02-23T08:59:15Z,Build Release,6.968,Failure
2026-02-23T08:59:39Z,SwiftLint,0.105,Success
2026-02-23T08:59:40Z,ProjectChecker,0.186,Success
2026-02-23T08:59:40Z,XcodeGen,0.049,Success
2026-02-23T08:59:40Z,SwiftGen,0.097,Success
2026-02-23T09:00:32Z,Tests,52.444,Success
2026-02-23T09:00:40Z,Build Release,7.652,Success
2026-02-23T09:00:42Z,Git Commit & Push,2.489,Success
2026-02-23T09:18:44Z,SwiftLint,0.135,Failure
2026-02-23T09:18:44Z,ProjectChecker,0.238,Success
2026-02-23T09:18:44Z,XcodeGen,0.052,Success
2026-02-23T09:18:44Z,SwiftGen,0.094,Success
2026-02-23T09:19:37Z,Tests,52.796,Failure
2026-02-23T09:19:44Z,Build Release,7.332,Failure
2026-02-23T09:21:05Z,SwiftLint,0.136,Failure
2026-02-23T09:21:05Z,ProjectChecker,0.300,Success
2026-02-23T09:21:05Z,XcodeGen,0.050,Success
2026-02-23T09:21:05Z,SwiftGen,0.032,Success
2026-02-23T09:21:57Z,Tests,52.043,Failure
2026-02-23T09:22:04Z,Build Release,6.916,Failure
2026-02-23T09:22:30Z,SwiftLint,0.116,Failure
2026-02-23T09:22:31Z,ProjectChecker,0.256,Success
2026-02-23T09:22:31Z,XcodeGen,0.051,Success
2026-02-23T09:22:31Z,SwiftGen,0.098,Success
2026-02-23T09:23:24Z,Tests,52.988,Failure
2026-02-23T09:23:31Z,Build Release,7.134,Failure
2026-02-23T09:26:34Z,SwiftLint,0.170,Failure
2026-02-23T09:26:34Z,ProjectChecker,0.187,Success
2026-02-23T09:26:34Z,XcodeGen,0.050,Success
2026-02-23T09:26:34Z,SwiftGen,0.098,Success
2026-02-23T09:27:26Z,Tests,52.088,Failure
2026-02-23T09:27:33Z,Build Release,7.353,Failure
2026-02-23T09:28:01Z,SwiftLint,0.132,Failure
2026-02-23T09:28:02Z,ProjectChecker,0.211,Success
2026-02-23T09:28:02Z,XcodeGen,0.050,Success
2026-02-23T09:28:02Z,SwiftGen,0.031,Success
2026-02-23T09:28:54Z,Tests,52.284,Failure
2026-02-23T09:29:01Z,Build Release,6.965,Failure
2026-02-23T09:29:25Z,SwiftLint,0.132,Failure
2026-02-23T09:29:25Z,ProjectChecker,0.203,Success
2026-02-23T09:29:25Z,XcodeGen,0.121,Success
2026-02-23T09:29:25Z,SwiftGen,0.034,Success
2026-02-23T09:30:18Z,Tests,52.436,Failure
2026-02-23T09:30:25Z,Build Release,7.770,Failure
2026-02-23T09:30:42Z,SwiftLint,0.198,Success
2026-02-23T09:30:42Z,ProjectChecker,0.256,Success
2026-02-23T09:30:42Z,XcodeGen,0.049,Success
2026-02-23T09:30:42Z,SwiftGen,0.032,Success
2026-02-23T09:31:38Z,Tests,55.612,Success
2026-02-23T09:31:45Z,Build Release,6.753,Success
2026-02-23T09:31:47Z,Git Commit & Push,2.526,Success
2026-02-23T09:38:45Z,SwiftLint,0.119,Success
2026-02-23T09:38:45Z,ProjectChecker,0.188,Success
2026-02-23T09:38:45Z,XcodeGen,0.047,Success
2026-02-23T09:38:45Z,SwiftGen,0.031,Success
2026-02-23T09:39:38Z,Tests,53.346,Success
2026-02-23T09:39:45Z,Build Release,7.178,Success
2026-02-23T09:39:48Z,Git Commit & Push,2.609,Success
2026-02-23T09:41:24Z,SwiftLint,0.173,Success
2026-02-23T09:41:24Z,ProjectChecker,0.283,Failure
2026-02-23T09:41:24Z,XcodeGen,0.049,Success
2026-02-23T09:41:24Z,SwiftGen,0.096,Success
2026-02-23T09:42:17Z,Tests,52.416,Success
2026-02-23T09:42:25Z,Build Release,7.761,Success
2026-02-23T09:43:45Z,SwiftLint,0.134,Success
2026-02-23T09:43:45Z,ProjectChecker,0.256,Failure
2026-02-23T09:43:45Z,XcodeGen,0.053,Success
2026-02-23T09:43:45Z,SwiftGen,0.100,Success
2026-02-23T09:44:38Z,Tests,52.931,Success
2026-02-23T09:44:45Z,Build Release,7.106,Success
2026-02-23T09:45:54Z,SwiftLint,0.171,Success
2026-02-23T09:45:55Z,ProjectChecker,0.383,Success
2026-02-23T09:45:55Z,XcodeGen,0.052,Success
2026-02-23T09:45:55Z,SwiftGen,0.033,Success
2026-02-23T09:46:50Z,Tests,55.075,Success
2026-02-23T09:46:57Z,Build Release,6.997,Success
2026-02-23T09:47:01Z,Git Commit & Push,4.187,Success
2026-02-23T09:49:55Z,SwiftLint,0.106,Success
2026-02-23T09:49:55Z,ProjectChecker,0.244,Success
2026-02-23T09:49:55Z,XcodeGen,0.047,Success
2026-02-23T09:49:55Z,SwiftGen,0.098,Success
2026-02-23T09:50:49Z,Tests,53.558,Success
2026-02-23T09:50:56Z,Build Release,6.983,Success
2026-02-23T09:50:58Z,Git Commit & Push,2.352,Success
2026-02-23T09:54:07Z,SwiftLint,0.138,Failure
2026-02-23T09:54:07Z,ProjectChecker,0.234,Success
2026-02-23T09:54:07Z,XcodeGen,0.045,Success
2026-02-23T09:54:07Z,SwiftGen,0.030,Success
2026-02-23T09:54:59Z,Tests,51.509,Failure
2026-02-23T09:55:06Z,Build Release,6.779,Failure
2026-02-23T09:55:30Z,SwiftLint,0.135,Failure
2026-02-23T09:55:30Z,ProjectChecker,0.361,Success
2026-02-23T09:55:30Z,XcodeGen,0.053,Success
2026-02-23T09:55:30Z,SwiftGen,0.100,Success
2026-02-23T09:56:22Z,Tests,52.252,Failure
2026-02-23T09:56:29Z,Build Release,6.781,Failure
2026-02-23T09:59:44Z,SwiftLint,0.168,Failure
2026-02-23T09:59:44Z,ProjectChecker,0.247,Failure
2026-02-23T09:59:45Z,XcodeGen,0.114,Success
2026-02-23T09:59:45Z,SwiftGen,0.031,Success
2026-02-23T10:00:38Z,Tests,53.226,Failure
2026-02-23T10:00:45Z,Build Release,7.310,Failure
2026-02-23T10:01:00Z,SwiftLint,0.107,Failure
2026-02-23T10:01:01Z,ProjectChecker,0.260,Failure
2026-02-23T10:01:01Z,XcodeGen,0.049,Success
2026-02-23T10:01:01Z,SwiftGen,0.098,Success
2026-02-23T10:01:52Z,Tests,51.438,Failure
2026-02-23T10:01:59Z,Build Release,7.027,Failure
2026-02-23T10:04:16Z,SwiftLint,0.193,Failure
2026-02-23T10:04:16Z,ProjectChecker,0.285,Success
2026-02-23T10:04:16Z,XcodeGen,0.053,Success
2026-02-23T10:04:16Z,SwiftGen,0.096,Success
2026-02-23T10:05:07Z,Tests,51.418,Failure
2026-02-23T10:05:14Z,Build Release,7.015,Failure
2026-02-23T10:08:31Z,SwiftLint,0.163,Failure
2026-02-23T10:08:31Z,ProjectChecker,0.331,Success
2026-02-23T10:08:31Z,XcodeGen,0.051,Success
2026-02-23T10:08:31Z,SwiftGen,0.030,Success
2026-02-23T10:09:23Z,Tests,51.655,Failure
2026-02-23T10:09:30Z,Build Release,7.156,Failure
2026-02-23T10:10:26Z,SwiftLint,0.234,Failure
2026-02-23T10:10:27Z,ProjectChecker,0.294,Success
2026-02-23T10:10:27Z,XcodeGen,0.052,Success
2026-02-23T10:10:27Z,SwiftGen,0.030,Success
2026-02-23T10:11:19Z,Tests,51.864,Failure
2026-02-23T10:11:26Z,Build Release,7.275,Failure
2026-02-23T10:11:42Z,SwiftLint,0.184,Failure
2026-02-23T10:11:42Z,ProjectChecker,0.274,Success
2026-02-23T10:11:42Z,XcodeGen,0.048,Success
2026-02-23T10:11:42Z,SwiftGen,0.031,Success
2026-02-23T10:12:35Z,Tests,52.698,Failure
2026-02-23T10:12:41Z,Build Release,6.605,Failure
2026-02-23T10:13:25Z,SwiftLint,0.260,Failure
2026-02-23T10:13:25Z,ProjectChecker,0.237,Success
2026-02-23T10:13:26Z,XcodeGen,0.047,Success
2026-02-23T10:13:26Z,SwiftGen,0.032,Success
2026-02-23T10:14:16Z,Tests,50.639,Failure
2026-02-23T10:14:24Z,Build Release,7.742,Failure
2026-02-23T10:14:51Z,SwiftLint,0.174,Success
2026-02-23T10:14:51Z,ProjectChecker,0.335,Success
2026-02-23T10:14:52Z,XcodeGen,0.051,Success
2026-02-23T10:14:52Z,SwiftGen,0.098,Success
2026-02-23T10:15:43Z,Tests,51.261,Success
2026-02-23T10:15:50Z,Build Release,6.781,Success
2026-02-23T10:15:54Z,Git Commit & Push,4.380,Success
2026-02-23T10:19:19Z,SwiftLint,0.092,Success
2026-02-23T10:19:19Z,ProjectChecker,0.246,Success
2026-02-23T10:19:19Z,XcodeGen,0.045,Success
2026-02-23T10:19:19Z,SwiftGen,0.098,Success
2026-02-23T10:20:13Z,Tests,53.698,Success
2026-02-23T10:20:20Z,Build Release,7.095,Success
2026-02-23T10:20:24Z,Git Commit & Push,3.766,Success
2026-02-23T10:21:47Z,SwiftLint,0.193,Failure
2026-02-23T10:21:47Z,ProjectChecker,0.136,Failure
2026-02-23T10:21:47Z,XcodeGen,0.117,Success
2026-02-23T10:21:47Z,SwiftGen,0.034,Success
2026-02-23T10:22:39Z,Tests,51.371,Failure
2026-02-23T10:22:47Z,Build Release,7.898,Failure
2026-02-23T10:23:48Z,SwiftLint,0.244,Failure
2026-02-23T10:23:49Z,ProjectChecker,0.289,Failure
2026-02-23T10:23:49Z,XcodeGen,0.051,Success
2026-02-23T10:23:49Z,SwiftGen,0.030,Success
2026-02-23T10:24:40Z,Tests,51.513,Failure
2026-02-23T10:24:47Z,Build Release,7.129,Failure
2026-02-23T10:25:22Z,SwiftLint,0.110,Failure
2026-02-23T10:25:22Z,ProjectChecker,0.203,Failure
2026-02-23T10:25:22Z,XcodeGen,0.050,Success
2026-02-23T10:25:22Z,SwiftGen,0.031,Success
2026-02-23T10:26:13Z,Tests,51.023,Failure
2026-02-23T10:26:20Z,Build Release,6.980,Failure
2026-02-23T10:26:53Z,SwiftLint,0.108,Success
2026-02-23T10:26:53Z,ProjectChecker,0.206,Failure
2026-02-23T10:26:53Z,XcodeGen,0.053,Success
2026-02-23T10:26:53Z,SwiftGen,0.098,Success
2026-02-23T10:27:45Z,Tests,51.486,Success
2026-02-23T10:27:52Z,Build Release,6.845,Success
2026-02-23T10:28:21Z,SwiftLint,0.169,Success
2026-02-23T10:28:22Z,ProjectChecker,0.281,Success
2026-02-23T10:28:22Z,XcodeGen,0.052,Success
2026-02-23T10:28:22Z,SwiftGen,0.100,Success
2026-02-23T10:29:14Z,Tests,52.268,Success
2026-02-23T10:29:21Z,Build Release,7.059,Success
2026-02-23T10:29:27Z,Git Commit & Push,5.614,Success
2026-02-23T10:38:22Z,SwiftLint,0.111,Success
2026-02-23T10:38:22Z,ProjectChecker,0.093,Success
2026-02-23T10:38:22Z,XcodeGen,0.052,Success
2026-02-23T10:38:22Z,SwiftGen,0.096,Success
2026-02-23T10:38:27Z,Tests,4.554,Failure
2026-02-23T10:38:30Z,Build Release,3.637,Failure
2026-02-23T10:38:56Z,SwiftLint,0.232,Success
2026-02-23T10:38:56Z,ProjectChecker,0.101,Success
2026-02-23T10:38:56Z,XcodeGen,0.118,Success
2026-02-23T10:38:56Z,SwiftGen,0.034,Success
2026-02-23T10:40:05Z,Tests,68.523,Failure
2026-02-23T10:40:13Z,Build Release,7.727,Success
2026-02-23T10:42:14Z,SwiftLint,0.114,Success
2026-02-23T10:42:14Z,ProjectChecker,0.099,Success
2026-02-23T10:42:14Z,XcodeGen,0.058,Success
2026-02-23T10:42:14Z,SwiftGen,0.103,Success
2026-02-23T10:43:09Z,Tests,54.831,Failure
2026-02-23T10:43:17Z,Build Release,8.033,Success
2026-02-23T10:43:35Z,SwiftLint,0.172,Success
2026-02-23T10:43:35Z,ProjectChecker,0.104,Success
2026-02-23T10:43:35Z,XcodeGen,0.118,Success
2026-02-23T10:43:35Z,SwiftGen,0.035,Success
2026-02-23T10:43:40Z,Tests,4.588,Failure
2026-02-23T10:43:47Z,Build Release,6.451,Success
2026-02-23T10:44:13Z,SwiftLint,0.171,Success
2026-02-23T10:44:13Z,ProjectChecker,0.036,Success
2026-02-23T10:44:13Z,XcodeGen,0.052,Success
2026-02-23T10:44:13Z,SwiftGen,0.034,Success
2026-02-23T10:45:08Z,Tests,55.244,Failure
2026-02-23T10:45:16Z,Build Release,7.508,Success
2026-02-23T10:45:33Z,SwiftLint,0.103,Success
2026-02-23T10:45:33Z,ProjectChecker,0.122,Success
2026-02-23T10:45:33Z,XcodeGen,0.067,Success
2026-02-23T10:45:33Z,SwiftGen,0.040,Success
2026-02-23T10:46:27Z,Tests,54.276,Failure
2026-02-23T10:46:34Z,Build Release,6.828,Success
2026-02-23T10:46:45Z,SwiftLint,0.171,Success
2026-02-23T10:46:45Z,ProjectChecker,0.103,Success
2026-02-23T10:46:45Z,XcodeGen,0.051,Success
2026-02-23T10:46:45Z,SwiftGen,0.032,Success
2026-02-23T10:47:39Z,Tests,53.493,Success
2026-02-23T10:47:46Z,Build Release,6.858,Success
2026-02-23T10:47:50Z,Git Commit & Push,3.824,Success
2026-02-23T10:50:17Z,SwiftLint,0.097,Success
2026-02-23T10:50:17Z,ProjectChecker,0.101,Success
2026-02-23T10:50:17Z,XcodeGen,0.050,Success
2026-02-23T10:50:17Z,SwiftGen,0.029,Success
2026-02-23T10:51:10Z,Tests,53.131,Success
2026-02-23T10:51:18Z,Build Release,7.146,Failure
2026-02-23T10:51:36Z,SwiftLint,0.107,Success
2026-02-23T10:51:36Z,ProjectChecker,0.032,Success
2026-02-23T10:51:37Z,XcodeGen,0.049,Success
2026-02-23T10:51:37Z,SwiftGen,0.032,Success
2026-02-23T10:52:29Z,Tests,52.743,Success
2026-02-23T10:52:36Z,Build Release,6.916,Success
2026-02-23T10:52:39Z,Git Commit & Push,2.575,Success
2026-02-23T10:57:06Z,ProjectChecker,0.105,Success
2026-02-23T10:57:06Z,SwiftLint,0.115,Success
2026-02-23T10:57:06Z,SwiftGen,0.031,Success
2026-02-23T10:57:06Z,XcodeGen,0.050,Success
2026-02-23T10:58:28Z,Tests,82.202,Success
2026-02-23T11:01:40Z,ProjectChecker,0.034,Success
2026-02-23T11:01:40Z,SwiftLint,0.167,Success
2026-02-23T11:01:40Z,XcodeGen,0.055,Success
2026-02-23T11:01:40Z,SwiftGen,0.099,Success
2026-02-23T11:01:48Z,Build Release,7.445,Success
2026-02-23T11:03:00Z,Tests,80.120,Success
2026-02-23T11:03:03Z,Git Commit & Push,2.568,Success
2026-02-23T11:03:19Z,SwiftLint,0.175,Success
2026-02-23T11:03:19Z,ProjectChecker,0.177,Success
2026-02-23T11:03:20Z,SwiftGen,0.103,Success
2026-02-23T11:03:20Z,XcodeGen,0.131,Success
2026-02-23T11:03:29Z,Build Release,9.418,Success
2026-02-23T11:04:33Z,Tests,73.807,Success
2026-02-23T11:18:02Z,ProjectChecker,0.042,Success
2026-02-23T11:18:02Z,SwiftLint,0.128,Success
2026-02-23T11:18:02Z,SwiftGen,0.032,Success
2026-02-23T11:18:02Z,XcodeGen,0.051,Success
2026-02-23T11:18:09Z,Build Release,7.149,Success
2026-02-23T11:19:13Z,Tests,70.651,Success
2026-02-23T11:19:18Z,Git Commit & Push,5.116,Success
2026-02-23T11:19:37Z,ProjectChecker,0.038,Success
2026-02-23T11:19:37Z,SwiftLint,0.119,Success
2026-02-23T11:19:37Z,SwiftGen,0.033,Success
2026-02-23T11:19:37Z,XcodeGen,0.055,Success
2026-02-23T11:19:44Z,Build Release,6.771,Success
2026-02-23T11:21:25Z,Tests,107.892,Success
2026-02-23T11:21:28Z,Git Commit & Push,3.381,Success
2026-02-23T11:22:46Z,ProjectChecker,0.039,Success
2026-02-23T11:22:46Z,SwiftLint,0.124,Success
2026-02-23T11:22:46Z,SwiftGen,0.031,Success
2026-02-23T11:22:46Z,XcodeGen,0.049,Success
2026-02-23T11:22:53Z,Build Release,7.081,Success
2026-02-23T11:24:03Z,Tests,70.354,Success
2026-02-23T11:24:08Z,Git Commit & Push,4.263,Success
2026-02-23T11:26:15Z,ProjectChecker,0.042,Success
2026-02-23T11:26:15Z,SwiftLint,0.123,Success
2026-02-23T11:26:15Z,SwiftGen,0.031,Success
2026-02-23T11:26:15Z,XcodeGen,0.049,Success
2026-02-23T11:27:24Z,Tests,68.589,Success
2026-02-23T11:27:27Z,Git Commit & Push,3.025,Success
2026-02-23T11:28:03Z,ProjectChecker,0.035,Success
2026-02-23T11:28:03Z,SwiftLint,0.106,Success
2026-02-23T11:28:03Z,SwiftGen,0.029,Success
2026-02-23T11:28:04Z,XcodeGen,0.045,Success
2026-02-23T11:29:14Z,Tests,70.739,Success
2026-02-23T11:29:17Z,Git Commit & Push,2.995,Success
2026-02-23T11:31:21Z,ProjectChecker,0.038,Success
2026-02-23T11:31:21Z,SwiftLint,0.122,Success
2026-02-23T11:31:21Z,SwiftGen,0.031,Success
2026-02-23T11:31:21Z,XcodeGen,0.049,Success
2026-02-23T11:33:03Z,Tests,102.286,Success
